﻿<?xml version="1.0" encoding="utf-8" standalone="yes"?>
<!--Rebracer Solution Settings File-->
<!--This file contains Visual Studio settings for Foundatio.sln.-->
<!--Rebracer uses this file to apply settings for this solution-->
<!--when the solution is opened.-->
<!--Install Rebracer from http://visualstudiogallery.msdn.microsoft.com/410e9b9f-65f3-4495-b68e-15567e543c58 -->
<!--See https://github.com/SLaks/Rebracer for more information-->
<UserSettings>
  <ToolsOptions>
    <ToolsOptionsCategory name="Environment">
      <ToolsOptionsSubCategory name="TaskList">
        <PropertyValue name="CommentTokens" ArrayType="VT_VARIANT" ArrayElementCount="4">
          <PropertyValue name="0">HACK:2</PropertyValue>
          <PropertyValue name="1">TODO:2</PropertyValue>
          <PropertyValue name="2">UNDONE:2</PropertyValue>
          <PropertyValue name="3">UnresolvedMergeConflict:3</PropertyValue>
        </PropertyValue>
        <PropertyValue name="ConfirmTaskDeletion">false</PropertyValue>
        <PropertyValue name="DontShowFilePaths">false</PropertyValue>
        <PropertyValue name="WarnOnAddingHiddenItem">false</PropertyValue>
      </ToolsOptionsSubCategory>
    </ToolsOptionsCategory>
    <ToolsOptionsCategory name="TextEditor">
      <ToolsOptionsSubCategory name="CSharp-Specific">
        <PropertyValue name="AddImport_SuggestForTypesInNuGetPackages">0</PropertyValue>
        <PropertyValue name="AddImport_SuggestForTypesInReferenceAssemblies">0</PropertyValue>
        <PropertyValue name="AutoComment">1</PropertyValue>
        <PropertyValue name="AutoInsertAsteriskForNewLinesOfBlockComments">1</PropertyValue>
        <PropertyValue name="CSharpClosedFileDiagnostics">1</PropertyValue>
        <PropertyValue name="ClosedFileDiagnostics">1</PropertyValue>
        <PropertyValue name="DisplayLineSeparators">0</PropertyValue>
        <PropertyValue name="EnableHighlightRelatedKeywords">1</PropertyValue>
        <PropertyValue name="ExtractMethod_AllowMovingDeclaration">0</PropertyValue>
        <PropertyValue name="ExtractMethod_DoNotPutOutOrRefOnStruct">1</PropertyValue>
        <PropertyValue name="Formatting_TriggerOnBlockCompletion">1</PropertyValue>
        <PropertyValue name="Formatting_TriggerOnPaste">1</PropertyValue>
        <PropertyValue name="Formatting_TriggerOnStatementCompletion">1</PropertyValue>
        <PropertyValue name="Indent_BlockContents">1</PropertyValue>
        <PropertyValue name="Indent_Braces">0</PropertyValue>
        <PropertyValue name="Indent_CaseContents">1</PropertyValue>
        <PropertyValue name="Indent_CaseLabels">1</PropertyValue>
        <PropertyValue name="Indent_FlushLabelsLeft">1</PropertyValue>
        <PropertyValue name="Indent_UnindentLabels">0</PropertyValue>
        <PropertyValue name="NewLines_AnonymousTypeInitializer_EachMember">1</PropertyValue>
        <PropertyValue name="NewLines_Braces_Accessor">1</PropertyValue>
        <PropertyValue name="NewLines_Braces_AnonymousMethod">0</PropertyValue>
        <PropertyValue name="NewLines_Braces_AnonymousTypeInitializer">0</PropertyValue>
        <PropertyValue name="NewLines_Braces_ControlFlow">0</PropertyValue>
        <PropertyValue name="NewLines_Braces_LambdaExpressionBody">0</PropertyValue>
        <PropertyValue name="NewLines_Braces_Method">0</PropertyValue>
        <PropertyValue name="NewLines_Braces_ObjectInitializer">0</PropertyValue>
        <PropertyValue name="NewLines_Braces_Property">1</PropertyValue>
        <PropertyValue name="NewLines_Braces_Type">0</PropertyValue>
        <PropertyValue name="NewLines_Keywords_Catch">0</PropertyValue>
        <PropertyValue name="NewLines_Keywords_Else">0</PropertyValue>
        <PropertyValue name="NewLines_Keywords_Finally">0</PropertyValue>
        <PropertyValue name="NewLines_ObjectInitializer_EachMember">1</PropertyValue>
        <PropertyValue name="NewLines_QueryExpression_EachClause">1</PropertyValue>
        <PropertyValue name="RenameTrackingPreview">1</PropertyValue>
        <PropertyValue name="SortUsings_PlaceSystemFirst">1</PropertyValue>
        <PropertyValue name="Space_AfterBasesColon">1</PropertyValue>
        <PropertyValue name="Space_AfterCast">0</PropertyValue>
        <PropertyValue name="Space_AfterComma">1</PropertyValue>
        <PropertyValue name="Space_AfterDot">0</PropertyValue>
        <PropertyValue name="Space_AfterMethodCallName">0</PropertyValue>
        <PropertyValue name="Space_AfterMethodDeclarationName">0</PropertyValue>
        <PropertyValue name="Space_AfterSemicolonsInForStatement">1</PropertyValue>
        <PropertyValue name="Space_AroundBinaryOperator">1</PropertyValue>
        <PropertyValue name="Space_BeforeBasesColon">1</PropertyValue>
        <PropertyValue name="Space_BeforeComma">0</PropertyValue>
        <PropertyValue name="Space_BeforeDot">0</PropertyValue>
        <PropertyValue name="Space_BeforeOpenSquare">0</PropertyValue>
        <PropertyValue name="Space_BeforeSemicolonsInForStatement">0</PropertyValue>
        <PropertyValue name="Space_BetweenEmptyMethodCallParentheses">0</PropertyValue>
        <PropertyValue name="Space_BetweenEmptyMethodDeclarationParentheses">0</PropertyValue>
        <PropertyValue name="Space_BetweenEmptySquares">0</PropertyValue>
        <PropertyValue name="Space_InControlFlowConstruct">1</PropertyValue>
        <PropertyValue name="Space_WithinCastParentheses">0</PropertyValue>
        <PropertyValue name="Space_WithinExpressionParentheses">0</PropertyValue>
        <PropertyValue name="Space_WithinMethodCallParentheses">0</PropertyValue>
        <PropertyValue name="Space_WithinMethodDeclarationParentheses">0</PropertyValue>
        <PropertyValue name="Space_WithinOtherParentheses">0</PropertyValue>
        <PropertyValue name="Space_WithinSquares">0</PropertyValue>
        <PropertyValue name="Style_PreferIntrinsicPredefinedTypeKeywordInDeclaration">1</PropertyValue>
        <PropertyValue name="Style_PreferIntrinsicPredefinedTypeKeywordInMemberAccess">1</PropertyValue>
        <PropertyValue name="Style_QualifyMemberAccessWithThisOrMe">0</PropertyValue>
        <PropertyValue name="Style_UseVarWhenDeclaringLocals">1</PropertyValue>
        <PropertyValue name="WarnOnBuildErrors">0</PropertyValue>
        <PropertyValue name="Wrapping_IgnoreSpacesAroundBinaryOperators">0</PropertyValue>
        <PropertyValue name="Wrapping_IgnoreSpacesAroundVariableDeclaration">0</PropertyValue>
        <PropertyValue name="Wrapping_KeepStatementsOnSingleLine">0</PropertyValue>
        <PropertyValue name="Wrapping_PreserveSingleLine">1</PropertyValue>
      </ToolsOptionsSubCategory>
      <ToolsOptionsSubCategory name="JavaScript Specific">
        <PropertyValue name="DownloadRemoteReferences">false</PropertyValue>
        <PropertyValue name="FormatCompletedBlockOnRightCurlyBrace">true</PropertyValue>
        <PropertyValue name="FormatCompletedLineOnEnter">true</PropertyValue>
        <PropertyValue name="FormatCompletedStatementOnSemicolon">true</PropertyValue>
        <PropertyValue name="FormatOnPaste">true</PropertyValue>
        <PropertyValue name="ImplicitReferencesString">Implicit (Windows)|$(VSInstallDir)\JavaScript\References\libhelp.js|$(VSInstallDir)\JavaScript\References\domWindows.js|$(VSInstallDir)\JavaScript\References\underscorefilter.js|$(VSInstallDir)\JavaScript\References\showPlainComments.js;Implicit (Windows 8.1)|$(VSInstallDir)\JavaScript\References\libhelp.js|$(VSInstallDir)\JavaScript\References\sitetypesWindows.js|$(VSInstallDir)\JavaScript\References\domWindows_8.1.js|$(VSInstallDir)\JavaScript\References\underscorefilter.js|$(VSInstallDir)\JavaScript\References\showPlainComments.js;Implicit (Windows Phone 8.1)|$(VSInstallDir)\JavaScript\References\libhelp.js|$(VSInstallDir)\JavaScript\References\sitetypesWindows.js|$(VSInstallDir)\JavaScript\References\domWindowsPhone_8.1.js|$(VSInstallDir)\JavaScript\References\underscorefilter.js|$(VSInstallDir)\JavaScript\References\showPlainComments.js;Implicit (Web)|$(VSInstallDir)\JavaScript\References\libhelp.js|$(VSInstallDir)\JavaScript\References\sitetypesWeb.js|$(VSInstallDir)\JavaScript\References\domWeb.js|$(VSInstallDir)\JavaScript\References\underscorefilter.js|$(VSInstallDir)\JavaScript\References\showPlainComments.js;Dedicated Worker|$(VSInstallDir)\JavaScript\References\libhelp.js|$(VSInstallDir)\JavaScript\References\dedicatedworker.js|$(VSInstallDir)\JavaScript\References\underscorefilter.js|$(VSInstallDir)\JavaScript\References\showPlainComments.js;Generic|$(VSInstallDir)\JavaScript\References\libhelp.js|$(VSInstallDir)\JavaScript\References\underscorefilter.js|$(VSInstallDir)\JavaScript\References\showPlainComments.js;</PropertyValue>
        <PropertyValue name="InsertSpaceAfterCommaDelimiter">true</PropertyValue>
        <PropertyValue name="InsertSpaceAfterFunctionKeywordForAnonymousFunctions">true</PropertyValue>
        <PropertyValue name="InsertSpaceAfterKeywordsInControlFlowStatements">true</PropertyValue>
        <PropertyValue name="InsertSpaceAfterOpeningAndBeforeClosingNonemptyParenthesis">false</PropertyValue>
        <PropertyValue name="InsertSpaceAfterSemicolonInForStatements">true</PropertyValue>
        <PropertyValue name="InsertSpaceBeforeAndAfterBinaryOperators">true</PropertyValue>
        <PropertyValue name="PlaceOpenBraceOnNewLineForControlBlocks">false</PropertyValue>
        <PropertyValue name="PlaceOpenBraceOnNewLineForFunctionsAndClasses">false</PropertyValue>
        <PropertyValue name="ShowErrorsAsWarnings">true</PropertyValue>
        <PropertyValue name="ShowSyntaxErrors">true</PropertyValue>
      </ToolsOptionsSubCategory>
      <ToolsOptionsSubCategory name="TypeScript Specific">
        <PropertyValue name="AutomaticallyCompileTypeScriptFilesWhenSavedWhenNoSolution">false</PropertyValue>
        <PropertyValue name="ES3ForFilesThatAreNotPartOfAProject">false</PropertyValue>
        <PropertyValue name="ES5ForFilesThatAreNotPartOfAProject">true</PropertyValue>
        <PropertyValue name="ES6ForFilesThatAreNotPartOfAProject">false</PropertyValue>
        <PropertyValue name="FormatCompletedBlockOnRightCurlyBrace">true</PropertyValue>
        <PropertyValue name="FormatCompletedLineOnEnter">true</PropertyValue>
        <PropertyValue name="FormatCompletedStatementOnSemicolon">true</PropertyValue>
        <PropertyValue name="FormatOnPaste">true</PropertyValue>
        <PropertyValue name="InsertSpaceAfterCommaDelimiter">true</PropertyValue>
        <PropertyValue name="InsertSpaceAfterFunctionKeywordForAnonymousFunctions">true</PropertyValue>
        <PropertyValue name="InsertSpaceAfterKeywordsInControlFlowStatements">true</PropertyValue>
        <PropertyValue name="InsertSpaceAfterOpeningAndBeforeClosingNonemptyParenthesis">false</PropertyValue>
        <PropertyValue name="InsertSpaceAfterSemicolonInForStatements">true</PropertyValue>
        <PropertyValue name="InsertSpaceBeforeAndAfterBinaryOperators">true</PropertyValue>
        <PropertyValue name="PlaceOpenBraceOnNewLineForControlBlocks">false</PropertyValue>
        <PropertyValue name="PlaceOpenBraceOnNewLineForFunctions">false</PropertyValue>
        <PropertyValue name="ShowGruntGulpDialogForAspNet">true</PropertyValue>
        <PropertyValue name="ShowVirtualProjectsInSolutionExplorerWhenNoSolution">true</PropertyValue>
        <PropertyValue name="ShowVirtualProjectsInSolutionExplorerWhenSolutionOpen">false</PropertyValue>
        <PropertyValue name="UseAMDCodeGenerationForModulesThatAreNotPartOfAProject">false</PropertyValue>
        <PropertyValue name="UseCommonJSCodeGenerationForModulesThatAreNotPartOfAProject">false</PropertyValue>
        <PropertyValue name="UseES2015CodeGenerationForModulesThatAreNotPartOfAProject">false</PropertyValue>
        <PropertyValue name="UseJsxPreserveForFilesThatAreNotPartOfAProject">false</PropertyValue>
        <PropertyValue name="UseJsxReactForFilesThatAreNotPartOfAProject">false</PropertyValue>
        <PropertyValue name="UseSystemCodeGenerationForModulesThatAreNotPartOfAProject">false</PropertyValue>
        <PropertyValue name="UseUMDCodeGenerationForModulesThatAreNotPartOfAProject">false</PropertyValue>
      </ToolsOptionsSubCategory>
    </ToolsOptionsCategory>
  </ToolsOptions>
</UserSettings>